ID,Action
317f0bc3c208f516a54ce0d8939c6423,copy
821b6fdbdf420494e13610ff7bb1d6e2,copy
f4e290f90a775acebed2622a243fc782,sync
241b7a3b5676d4a7380563a1915ce4bd,sync
03256cc3cd205a9eb2b49a5e695c42eb,sync
5a0600e7613b62d79544676e72e60448,sync
c37b769f2399ee32104ee66384cd624b,sync
bb08ecc8cc2a651bd3ed2ac815878842,sync
d286c3b6e8cc35251483893ede4865c8,sync
b08eed390e9eda79ba139d98aa72d4ef,sync
92641a9a83689fe3d0ed365df612ce62,sync
95b52bd72b76b0826c72ccab416f5da0,sync
ace0fa83d4e850d40adc03f5cb739bba,sync
6be9b74dda70553a0cf2f78e80767965,sync
1855d36c982dfe184a176255f5bdf8ae,sync
dbee32f82ffc4473ef3a81cfa900435b,sync
8d9f077123f9477360b20f402cab4e5f,sync
9c4dcdfebfc5a3f2b1b7e36ca203e2f2,sync
b5262f2003b4f12607b8052a75a08752,sync
7fbfddc6c82cf661063d8ee680654f9a,sync
44c8f2871f173ffba8628cd6c92729a9,sync
